marble_ID,relative_path,created,last_updated,found_in_older_1
ROOTS-OF-RENEWABLES,../_mms-md/ROOTS-OF-RENEWABLES.md,2024-08-07 02:01:16 +0000,2024-11-17 04:21:05 +0000,
PropOfSciences,../_mms-md/PropOfSciences.md,2023-09-11 16:48:58 +0000,2024-09-20 04:52:58 +0000,YES
JUST-TRANSITION-PRINC-FRAME,../_mms-md/JUST-TRANSITION-PRINC-FRAME.md,2024-09-20 04:52:58 +0000,2024-10-14 20:20:39 +0000,
202308111213,../_mms-md/202308111213.md,2023-08-11 19:13:46 +0000,2024-09-20 04:52:58 +0000,YES
PROJECT-RESEARCH-AUTOMATED-SINGING-BOWL,../_mms-md/PROJECT-RESEARCH-AUTOMATED-SINGING-BOWL.md,2024-11-05 04:39:24 +0000,2024-11-05 04:49:01 +0000,
ENERGY-VEGAN,../_mms-md/ENERGY-VEGAN.md,2023-10-08 18:04:34 +0000,2024-09-20 04:52:58 +0000,YES
PEACE-ENGINEERING-A,../_mms-md/PEACE-ENGINEERING-A.md,2024-02-21 04:03:46 +0000,2024-09-20 04:52:58 +0000,YES
OANM-HUB-FOR-LOCAL-BUS,../_mms-md/OANM-HUB-FOR-LOCAL-BUS.md,2023-09-27 16:07:25 +0000,2024-09-20 04:52:58 +0000,YES
APP-IDEA-B,../_mms-md/APP-IDEA-B.md,2024-04-12 20:54:46 +0000,2024-09-20 04:52:58 +0000,YES
EYTLaserViz-A,../_mms-md/EYTLaserViz-A.md,2023-11-07 04:28:06 +0000,2024-10-02 06:11:16 +0000,YES
MMSPhilOfSciA,../_mms-md/MMSPhilOfSciA.md,2023-09-11 16:24:25 +0000,2024-10-25 16:31:28 +0000,
DEGROWTH-SDG-IPCC,../_mms-md/DEGROWTH-SDG-IPCC.md,2023-09-08 19:44:49 +0000,2024-09-20 04:52:58 +0000,YES
LIBERATORY-DESIGN-A,../_mms-md/LIBERATORY-DESIGN-A.md,2024-04-12 21:12:57 +0000,2024-09-20 04:52:58 +0000,YES
CIRCULAR-ECON-D,../_mms-md/CIRCULAR-ECON-D.md,2023-11-08 20:11:26 +0000,2024-09-20 04:52:58 +0000,YES
MMSCityPublicReportCenter,../_mms-md/MMSCityPublicReportCenter.md,2024-07-25 02:42:40 +0000,2024-09-20 04:52:58 +0000,YES
POUCH-SYSTEMS-THINKING-TOOLS,../_mms-md/POUCH-SYSTEMS-THINKING-TOOLS.md,2024-11-05 17:19:01 +0000,2024-11-15 07:49:58 +0000,
PERSONAL-VALUE-SYSTEM,../_mms-md/PERSONAL-VALUE-SYSTEM.md,2024-07-31 20:35:04 +0000,2024-09-20 04:52:58 +0000,YES
ECON-GROWTH-A,../_mms-md/ECON-GROWTH-A.md,2023-09-25 22:43:03 +0000,2024-09-20 04:52:58 +0000,YES
COLLECTION-JUST-ENERGY-HUB,../_mms-md/COLLECTION-JUST-ENERGY-HUB.md,2024-08-01 18:38:58 +0000,2024-09-20 04:52:58 +0000,YES
EYTPlaylistsFunDJing,../_mms-md/EYTPlaylistsFunDJing.md,2024-09-24 21:26:35 +0000,2024-10-14 05:51:04 +0000,
KNOWING-A,../_mms-md/KNOWING-A.md,2023-10-19 20:42:45 +0000,2024-09-20 04:52:58 +0000,YES
COMMUNITY-OWNED-LAND-ECOSYSTEMS,../_mms-md/COMMUNITY-OWNED-LAND-ECOSYSTEMS.md,2024-10-10 17:02:20 +0000,2024-10-14 20:14:11 +0000,
MMSBigTechA,../_mms-md/MMSBigTechA.md,2023-11-14 01:28:31 +0000,2024-09-20 04:52:58 +0000,YES
NATEL-ENERGY-FISH-SAFE-STUDIES,../_mms-md/NATEL-ENERGY-FISH-SAFE-STUDIES.md,2024-08-25 21:42:42 +0000,2024-09-23 01:25:02 +0000,YES
WASTE-C,../_mms-md/WASTE-C.md,2024-02-17 17:37:34 +0000,2024-10-22 04:02:11 +0000,
STREAMING-COMMUNITY-PLATF,../_mms-md/STREAMING-COMMUNITY-PLATF.md,2023-09-27 16:01:32 +0000,2024-09-20 04:52:58 +0000,YES
WEBSITE-SIZE-CHECK-A,../_mms-md/WEBSITE-SIZE-CHECK-A.md,2024-01-14 02:36:03 +0000,2024-09-20 04:52:58 +0000,YES
QUOTES-GENERAL-COLLECTION,../_mms-md/QUOTES-GENERAL-COLLECTION.md,2024-09-21 04:19:19 +0000,2024-11-05 05:02:35 +0000,
PHENOMENA-A,../_mms-md/PHENOMENA-A.md,2023-10-13 18:44:37 +0000,2024-09-20 04:52:58 +0000,YES
QUOTES-INJUSTICE-SILENCE,../_mms-md/QUOTES-INJUSTICE-SILENCE.md,2024-09-03 23:03:46 +0000,2024-11-13 16:02:11 +0000,
BOOK-The-Bliss-of-Inner-Fire,../_mms-md/BOOK-The-Bliss-of-Inner-Fire.md,2024-09-06 05:40:02 +0000,2024-09-20 04:52:58 +0000,YES
ENERGY-CONSUMPTION-A,../_mms-md/ENERGY-CONSUMPTION-A.md,2023-10-04 23:36:45 +0000,2024-09-20 04:52:58 +0000,YES
PROBLEMS-A,../_mms-md/PROBLEMS-A.md,2023-10-09 04:58:02 +0000,2024-09-20 04:52:58 +0000,YES
QUOTES-NONVIOLENCE-AND-FORCE,../_mms-md/QUOTES-NONVIOLENCE-AND-FORCE.md,2024-10-30 17:22:17 +0000,2024-11-05 02:49:27 +0000,
ENGINEERING-A,../_mms-md/ENGINEERING-A.md,2023-10-10 02:55:04 +0000,2024-09-20 04:52:58 +0000,YES
MMSWhiteSupremacy-A,../_mms-md/MMSWhiteSupremacy-A.md,2024-11-13 20:37:35 +0000,2024-11-15 07:49:58 +0000,
OANM-EMOTIONAL-SHARING,../_mms-md/OANM-EMOTIONAL-SHARING.md,2024-02-26 00:38:09 +0000,2024-09-20 04:52:58 +0000,YES
MMSLoans,../_mms-md/MMSLoans.md,2023-09-27 05:31:07 +0000,2024-11-15 05:55:27 +0000,YES
MMSHothouse,../_mms-md/MMSHothouse.md,2023-10-11 20:47:56 +0000,2024-09-20 04:52:58 +0000,YES
MEDITATION-BREATHING-RATIOS-PRANAYAMA,../_mms-md/MEDITATION-BREATHING-RATIOS-PRANAYAMA.md,2024-05-09 00:19:22 +0000,2024-09-20 04:52:58 +0000,YES
RESUME-WRITINGS-C,../_mms-md/RESUME-WRITINGS-C.md,2024-02-06 03:03:00 +0000,2024-09-20 04:52:58 +0000,YES
RESTAURANT-IDEA-A,../_mms-md/RESTAURANT-IDEA-A.md,2023-09-06 20:08:18 +0000,2024-09-20 04:52:58 +0000,YES
WASTE-B,../_mms-md/WASTE-B.md,2023-11-17 17:13:28 +0000,2024-09-20 04:52:58 +0000,YES
UNLEARNING-A,../_mms-md/UNLEARNING-A.md,2023-10-04 23:21:14 +0000,2024-09-20 04:52:58 +0000,YES
RECYCLING-A,../_mms-md/RECYCLING-A.md,2023-11-08 20:06:40 +0000,2024-09-20 04:52:58 +0000,YES
VisualizationIdeasQuick,../_mms-md/VisualizationIdeasQuick.md,2024-11-25 00:50:33 +0000,2024-11-26 02:57:15 +0000,
EYTCareClubInspo-A,../_mms-md/EYTCareClubInspo-A.md,2024-01-15 16:52:35 +0000,2024-09-20 04:52:58 +0000,YES
NOTETAKING-A,../_mms-md/NOTETAKING-A.md,2023-10-25 20:02:34 +0000,2024-09-20 04:52:58 +0000,YES
AYURVEDA-DOSHAS,../_mms-md/AYURVEDA-DOSHAS.md,2024-06-10 23:49:03 +0000,2024-09-20 04:52:58 +0000,YES
PLANNING-DREAMING-CELEBRATING-DOING-FRAMEWORK,../_mms-md/PLANNING-DREAMING-CELEBRATING-DOING-FRAMEWORK.md,2024-09-27 20:37:52 +0000,2024-10-22 04:50:47 +0000,
MMSTuningIntoSeparation,../_mms-md/MMSTuningIntoSeparation.md,2023-12-29 18:52:54 +0000,2024-09-20 04:52:58 +0000,YES
MMSOlinSystemsBuilding,../_mms-md/MMSOlinSystemsBuilding.md,2024-06-18 22:13:48 +0000,2024-10-14 19:38:41 +0000,YES
POVERTY-OVERVIEW,../_mms-md/POVERTY-OVERVIEW.md,2024-01-18 01:04:07 +0000,2024-09-20 04:52:58 +0000,YES
CIRCULAR-ECON-A,../_mms-md/CIRCULAR-ECON-A.md,2023-11-02 01:29:08 +0000,2024-11-05 05:21:50 +0000,YES
THREE-WELLBEING-THINGS,../_mms-md/THREE-WELLBEING-THINGS.md,2023-08-31 18:49:51 +0000,2024-09-20 04:52:58 +0000,YES
letter-to-rhizome-2024,../_mms-md/letter-to-rhizome-2024.md,2024-09-14 15:04:37 +0000,2024-09-20 04:52:59 +0000,YES
PED-OF-LOVE,../_mms-md/PED-OF-LOVE.md,2023-08-11 19:43:33 +0000,2024-09-20 04:52:58 +0000,YES
SPIRIT-PODCASTS,../_mms-md/SPIRIT-PODCASTS.md,2024-08-28 03:39:39 +0000,2024-11-13 23:13:47 +0000,
NATEL-ENERGY-MEDIA,../_mms-md/NATEL-ENERGY-MEDIA.md,2024-08-15 22:48:55 +0000,2024-09-20 04:52:58 +0000,YES
OVERVIEW-CAPITALISM,../_mms-md/OVERVIEW-CAPITALISM.md,2023-09-18 00:14:27 +0000,2024-09-20 04:52:58 +0000,YES
CLIMATE-ACT-RESOURCES-B,../_mms-md/CLIMATE-ACT-RESOURCES-B.md,2024-02-27 21:10:19 +0000,2024-09-20 04:52:58 +0000,YES
RESUME-WRITINGS-B,../_mms-md/RESUME-WRITINGS-B.md,2024-02-06 02:26:21 +0000,2024-09-20 04:52:58 +0000,YES
REPAIR-A,../_mms-md/REPAIR-A.md,2023-11-24 21:30:30 +0000,2024-09-20 04:52:58 +0000,YES
AUTOPOIESIS-A,../_mms-md/AUTOPOIESIS-A.md,2023-08-20 12:10:21 +0000,2024-11-24 01:18:04 +0000,YES
LUHMANN-COMMUNI-A,../_mms-md/LUHMANN-COMMUNI-A.md,2023-09-22 04:16:38 +0000,2024-09-20 04:52:58 +0000,YES
EYTPlaylistsForOnlineFacilitation,../_mms-md/EYTPlaylistsForOnlineFacilitation.md,2024-10-02 00:50:46 +0000,2024-10-09 23:17:08 +0000,
ADAPT-CYCLES-A,../_mms-md/ADAPT-CYCLES-A.md,2023-09-08 19:51:13 +0000,2024-09-20 04:52:58 +0000,YES
MMSSensingA,../_mms-md/MMSSensingA.md,2024-02-19 04:55:24 +0000,2024-09-20 04:52:58 +0000,YES
SYSTEMS-THINKING-OVERVIEW-CAUSAL-LOOPS,../_mms-md/SYSTEMS-THINKING-OVERVIEW-CAUSAL-LOOPS.md,2024-11-05 17:14:19 +0000,2024-11-15 07:49:58 +0000,
COMPETITION-OVER-RESOURCES,../_mms-md/COMPETITION-OVER-RESOURCES.md,2024-09-11 13:18:19 +0000,2024-09-20 04:52:58 +0000,YES
SPIRIT-A,../_mms-md/SPIRIT-A.md,2024-08-19 16:32:06 +0000,2024-09-20 04:52:58 +0000,YES
APP-IDEA-C,../_mms-md/APP-IDEA-C.md,2024-04-12 20:58:14 +0000,2024-09-20 04:52:58 +0000,YES
DEATH-A,../_mms-md/DEATH-A.md,2023-12-05 01:41:19 +0000,2024-09-20 04:52:58 +0000,YES
CIRCULAR-ECON-E,../_mms-md/CIRCULAR-ECON-E.md,2023-11-11 03:02:10 +0000,2024-09-20 04:52:58 +0000,YES
MASLOWS-NEEDS-BEYOND,../_mms-md/MASLOWS-NEEDS-BEYOND.md,2023-09-19 17:49:39 +0000,2024-09-20 04:52:58 +0000,YES
MMSQ-Transdisciplinary-awareness,../_mms-md/MMSQ-Transdisciplinary-awareness.md,2024-08-15 22:26:50 +0000,2024-09-20 04:52:58 +0000,YES
MESH-CAP-OVERVIEW,../_mms-md/MESH-CAP-OVERVIEW.md,2024-01-25 19:08:10 +0000,2024-09-20 04:52:58 +0000,YES
MESH-CAP,../_mms-md/MESH-CAP.md,2024-01-28 16:28:57 +0000,2024-09-20 04:52:58 +0000,YES
DIALOGUE-A,../_mms-md/DIALOGUE-A.md,2023-12-04 01:54:28 +0000,2024-09-20 04:52:58 +0000,YES
BOOK-The-Art-of-Gathering,../_mms-md/BOOK-The-Art-of-Gathering.md,2024-08-18 03:11:43 +0000,2024-09-20 04:52:58 +0000,YES
COMMUNICATION-A,../_mms-md/COMMUNICATION-A.md,2023-11-01 19:24:27 +0000,2024-09-20 04:52:58 +0000,YES
COOP-PRINCIPLES,../_mms-md/COOP-PRINCIPLES.md,2023-09-11 17:23:43 +0000,2024-09-20 04:52:58 +0000,YES
RESUME-WRITINGS-UPLOAD,../_mms-md/RESUME-WRITINGS-UPLOAD.md,2024-02-06 02:21:58 +0000,2024-09-20 04:52:58 +0000,YES
GRADES-A,../_mms-md/GRADES-A.md,2023-11-01 19:08:00 +0000,2024-09-20 04:52:58 +0000,YES
METAPHORICAL-RELATIONSHIPS-OF-ORGS,../_mms-md/METAPHORICAL-RELATIONSHIPS-OF-ORGS.md,2024-08-06 18:45:49 +0000,2024-10-22 16:11:39 +0000,YES
MMSWasteA,../_mms-md/MMSWasteA.md,2023-11-02 19:39:51 +0000,2024-09-20 04:52:58 +0000,YES
AGRICULTURE-A,../_mms-md/AGRICULTURE-A.md,2023-10-11 22:19:22 +0000,2024-09-20 04:52:58 +0000,YES
CHOMSKY-GLOBAL-HEG-VID,../_mms-md/CHOMSKY-GLOBAL-HEG-VID.md,2023-09-20 19:05:07 +0000,2024-09-20 04:52:58 +0000,YES
MESH-CAP-VERIF-A,../_mms-md/MESH-CAP-VERIF-A.md,2024-01-28 16:09:08 +0000,2024-09-20 04:52:58 +0000,YES
INSPIRATION-ILLUSTRATIONS,../_mms-md/INSPIRATION-ILLUSTRATIONS.md,2024-08-04 23:19:54 +0000,2024-11-25 01:18:19 +0000,YES
INSPO-DRAWING-A,../_mms-md/INSPO-DRAWING-A.md,2023-11-02 18:43:35 +0000,2024-11-25 01:17:52 +0000,YES
BOUNDARY-SPANNING,../_mms-md/BOUNDARY-SPANNING.md,2024-08-25 20:34:05 +0000,2024-09-20 04:52:58 +0000,YES
CONFERENCE-COMMUNI-A,../_mms-md/CONFERENCE-COMMUNI-A.md,2023-11-01 19:49:45 +0000,2024-09-20 04:52:58 +0000,YES
COLLECTION-GRAPHICS-UI,../_mms-md/COLLECTION-GRAPHICS-UI.md,2024-07-24 21:52:02 +0000,2024-09-20 04:52:58 +0000,YES
MMSHealthTechCommuniA,../_mms-md/MMSHealthTechCommuniA.md,2023-09-21 01:27:16 +0000,2024-09-20 04:52:58 +0000,YES
MESH-CAP-D,../_mms-md/MESH-CAP-D.md,2023-11-09 19:41:52 +0000,2024-09-20 04:52:58 +0000,YES
ENERGY-JUSTICE-A,../_mms-md/ENERGY-JUSTICE-A.md,2024-04-10 18:30:30 +0000,2024-09-20 04:52:58 +0000,YES
MINING-A,../_mms-md/MINING-A.md,2023-11-21 03:04:46 +0000,2024-09-20 04:52:58 +0000,YES
INTELLIGENCE-A,../_mms-md/INTELLIGENCE-A.md,2023-08-13 03:44:55 +0000,2024-09-20 04:52:58 +0000,YES
PROSPERITY-A,../_mms-md/PROSPERITY-A.md,2023-09-18 01:03:25 +0000,2024-09-20 04:52:58 +0000,YES
MMS-POST-IDEAS,../_mms-md/MMS-POST-IDEAS.md,2024-08-07 04:09:55 +0000,2024-09-20 04:52:58 +0000,YES
APPS-USEFUL-A,../_mms-md/APPS-USEFUL-A.md,2024-02-01 05:40:40 +0000,2024-09-20 04:52:58 +0000,YES
MMSCommuniA,../_mms-md/MMSCommuniA.md,2023-09-11 04:42:33 +0000,2024-10-29 18:15:38 +0000,
INCARCERATION-STATS,../_mms-md/INCARCERATION-STATS.md,2024-10-18 00:32:23 +0000,2024-10-19 03:35:11 +0000,
EYTCareClubInspo-B-Drinks,../_mms-md/EYTCareClubInspo-B-Drinks.md,2024-03-06 04:28:45 +0000,2024-09-20 04:52:58 +0000,YES
THESIS-HOLISTIC-ENGINEERING,../_mms-md/THESIS-HOLISTIC-ENGINEERING.md,2024-09-29 21:26:08 +0000,2024-11-24 01:22:00 +0000,
BIOMIMICRY-B,../_mms-md/BIOMIMICRY-B.md,2024-10-25 18:37:32 +0000,2024-10-27 23:51:58 +0000,
INNOVATORS-COMPASS-A,../_mms-md/INNOVATORS-COMPASS-A.md,2024-04-12 21:13:21 +0000,2024-09-20 04:52:58 +0000,YES
DOCUMENTARIES-NATURE-ANIMALS,../_mms-md/DOCUMENTARIES-NATURE-ANIMALS.md,2024-11-17 05:07:00 +0000,2024-11-22 02:39:25 +0000,
PRESENCE-A,../_mms-md/PRESENCE-A.md,2023-10-08 18:37:57 +0000,2024-09-20 04:52:58 +0000,YES
CREATIVE-MARKETING-RESOURCE-A,../_mms-md/CREATIVE-MARKETING-RESOURCE-A.md,2024-08-29 23:53:02 +0000,2024-09-20 04:52:58 +0000,YES
SYSTEMIC-INTELLIGENCE-SPACE,../_mms-md/SYSTEMIC-INTELLIGENCE-SPACE.md,2024-08-21 23:26:14 +0000,2024-09-20 04:52:58 +0000,YES
GLUCOSE-A,../_mms-md/GLUCOSE-A.md,2023-11-01 03:24:06 +0000,2024-09-20 04:52:58 +0000,YES
POLICY-RESTAURANT-A,../_mms-md/POLICY-RESTAURANT-A.md,2023-09-06 20:11:05 +0000,2024-09-20 04:52:58 +0000,YES
POWER-A,../_mms-md/POWER-A.md,2024-02-15 21:42:12 +0000,2024-09-20 04:52:58 +0000,YES
RADICALNESS,../_mms-md/RADICALNESS.md,2023-10-17 22:10:05 +0000,2024-11-02 07:34:34 +0000,YES
EYTClubCollab-B,../_mms-md/EYTClubCollab-B.md,2024-01-15 16:49:21 +0000,2024-09-20 04:52:58 +0000,YES
VEGETABLE-STATS-A,../_mms-md/VEGETABLE-STATS-A.md,2024-04-20 03:27:58 +0000,2024-09-20 04:52:58 +0000,YES
DESIGNING-WITH-COUNTRY-A,../_mms-md/DESIGNING-WITH-COUNTRY-A.md,2024-02-12 16:44:25 +0000,2024-10-23 05:05:24 +0000,
MARKET-CONF-A,../_mms-md/MARKET-CONF-A.md,2023-09-06 20:06:04 +0000,2024-09-20 04:52:58 +0000,YES
POWER-ECONOMY-A,../_mms-md/POWER-ECONOMY-A.md,2024-01-30 21:20:56 +0000,2024-09-20 04:52:58 +0000,YES
INTERDISCIPLINARITY-A,../_mms-md/INTERDISCIPLINARITY-A.md,2024-03-20 16:12:03 +0000,2024-09-20 04:52:58 +0000,YES
ENTITLEMENT-A,../_mms-md/ENTITLEMENT-A.md,2023-08-11 19:33:50 +0000,2024-09-20 04:52:58 +0000,YES
letter-to-the-SF-Chronicle,../_mms-md/letter-to-the-SF-Chronicle.md,2024-07-29 04:08:24 +0000,2024-09-20 04:52:59 +0000,YES
IMAGINATION-A,../_mms-md/IMAGINATION-A.md,2023-10-19 20:59:35 +0000,2024-09-20 04:52:58 +0000,YES
EYTIdentity-A,../_mms-md/EYTIdentity-A.md,2024-01-14 06:30:46 +0000,2024-09-20 04:52:58 +0000,YES
letter-to-people-power-solar-cooperative,../_mms-md/letter-to-people-power-solar-cooperative.md,2024-09-10 14:12:09 +0000,2024-09-20 04:52:59 +0000,YES
RENEW-MINING-A,../_mms-md/RENEW-MINING-A.md,2023-10-04 22:53:01 +0000,2024-09-20 04:52:58 +0000,YES
TECH-INTERDEP-A,../_mms-md/TECH-INTERDEP-A.md,2023-11-29 03:01:31 +0000,2024-09-20 04:52:58 +0000,YES
WORK-WEEK-A,../_mms-md/WORK-WEEK-A.md,2024-08-19 21:26:21 +0000,2024-09-20 04:58:06 +0000,YES
MESH-CAP-A,../_mms-md/MESH-CAP-A.md,2023-09-25 21:06:00 +0000,2024-09-20 04:52:58 +0000,YES
LIVESTOCK-LAND-HOUSING-HOUSELESS,../_mms-md/LIVESTOCK-LAND-HOUSING-HOUSELESS.md,2024-09-03 05:30:20 +0000,2024-09-20 04:52:58 +0000,YES
PORTFOLIO-SYSTEMS-THINKING-ILLUSTRATIONS,../_mms-md/PORTFOLIO-SYSTEMS-THINKING-ILLUSTRATIONS.md,2024-04-05 01:03:06 +0000,2024-09-20 04:52:58 +0000,YES
ADAPT-CHANGE,../_mms-md/ADAPT-CHANGE.md,2023-08-11 19:18:22 +0000,2024-09-20 04:52:58 +0000,YES
PRECAUTIONARY-PRINCIPLE-A,../_mms-md/PRECAUTIONARY-PRINCIPLE-A.md,2023-12-09 01:15:12 +0000,2024-09-20 04:52:58 +0000,YES
BAY-AREA-LINKS,../_mms-md/BAY-AREA-LINKS.md,2024-11-08 21:22:08 +0000,2024-11-15 07:49:58 +0000,
ELECYT-LASER-VIZ-A,../_mms-md/ELECYT-LASER-VIZ-A.md,2024-01-19 00:28:56 +0000,2024-09-30 02:07:49 +0000,YES
GRAPHIC-DESIGN-TIPS-COLLECTION,../_mms-md/GRAPHIC-DESIGN-TIPS-COLLECTION.md,2024-09-03 01:35:26 +0000,2024-11-14 22:08:21 +0000,
MMSHomepage,../_mms-md/MMSHomepage.md,2024-08-23 01:20:11 +0000,2024-11-13 20:32:30 +0000,
MILIT-A,../_mms-md/MILIT-A.md,2023-11-03 20:49:04 +0000,2024-09-20 04:52:58 +0000,YES
MMSSocialReproductionB,../_mms-md/MMSSocialReproductionB.md,2023-10-17 23:53:30 +0000,2024-11-13 20:42:13 +0000,
SETH-PRACTICES-A,../_mms-md/SETH-PRACTICES-A.md,2023-12-29 18:04:32 +0000,2024-09-20 04:52:58 +0000,YES
PROBLEM-VS-ASPIRATION,../_mms-md/PROBLEM-VS-ASPIRATION.md,2023-10-04 23:53:32 +0000,2024-09-20 04:52:58 +0000,YES
MMSNutritionLabeling,../_mms-md/MMSNutritionLabeling.md,2023-09-27 15:22:06 +0000,2024-09-20 04:52:58 +0000,YES
MMSMeatStickA,../_mms-md/MMSMeatStickA.md,2023-12-04 03:49:40 +0000,2024-09-20 04:52:58 +0000,YES
DICTATORSHIP-A,../_mms-md/DICTATORSHIP-A.md,2023-11-01 19:19:17 +0000,2024-09-20 04:52:58 +0000,YES
MESH-CAP-E,../_mms-md/MESH-CAP-E.md,2023-11-17 17:37:55 +0000,2024-09-20 04:52:58 +0000,YES
MMSIcebergDynamics,../_mms-md/MMSIcebergDynamics.md,2024-11-13 20:44:38 +0000,2024-11-22 02:43:53 +0000,
INDEXING-CODING-WHY,../_mms-md/INDEXING-CODING-WHY.md,2024-03-06 06:31:59 +0000,2024-09-20 04:52:58 +0000,YES
MANTRA-SRI-YANTRA,../_mms-md/MANTRA-SRI-YANTRA.md,2024-06-10 21:16:50 +0000,2024-09-20 04:52:58 +0000,YES
SYSTEMS-THINKING-TOOL-SYSTEMIC-CONSTELLATIONS,../_mms-md/SYSTEMS-THINKING-TOOL-SYSTEMIC-CONSTELLATIONS.md,2024-11-05 17:22:15 +0000,2024-11-15 07:49:58 +0000,
FRAMEWORKS-COMMUNITY-WEAVING,../_mms-md/FRAMEWORKS-COMMUNITY-WEAVING.md,2024-07-17 21:56:24 +0000,2024-10-14 20:36:04 +0000,YES
SURVIVAL-OF-THE-NURTURED,../_mms-md/SURVIVAL-OF-THE-NURTURED.md,2024-10-06 18:55:45 +0000,2024-10-10 01:58:33 +0000,
NATURE-PARADIGMS,../_mms-md/NATURE-PARADIGMS.md,2023-09-11 16:38:48 +0000,2024-09-20 04:52:58 +0000,YES
EMANCIPATORY-ACTION-RESEARCH-A,../_mms-md/EMANCIPATORY-ACTION-RESEARCH-A.md,2024-04-16 02:53:05 +0000,2024-09-20 04:52:58 +0000,YES
SCIENCE-OF-HOLISM-FRAMEWORK,../_mms-md/SCIENCE-OF-HOLISM-FRAMEWORK.md,2024-04-15 09:32:45 +0000,2024-10-14 20:41:41 +0000,YES
READING-RECS-A,../_mms-md/READING-RECS-A.md,2024-04-12 20:49:36 +0000,2024-09-20 04:52:58 +0000,YES
COMMUNITY-A,../_mms-md/COMMUNITY-A.md,2023-11-18 04:13:32 +0000,2024-09-20 04:52:58 +0000,YES
SPIRIT-TRANSFORMATION,../_mms-md/SPIRIT-TRANSFORMATION.md,2023-09-08 19:58:39 +0000,2024-09-20 04:52:58 +0000,YES
WORK-CULTURE-MEDIEVAL-STONAGE-NOW,../_mms-md/WORK-CULTURE-MEDIEVAL-STONAGE-NOW.md,2024-10-17 04:29:53 +0000,2024-10-27 01:54:20 +0000,
MMSDigitalComA,../_mms-md/MMSDigitalComA.md,2023-12-21 19:40:00 +0000,2024-09-20 04:52:58 +0000,YES
COLLABORATIVE-ECOSYSTEMS-A,../_mms-md/COLLABORATIVE-ECOSYSTEMS-A.md,2024-07-25 16:44:19 +0000,2024-09-20 04:52:58 +0000,YES
EYT-MUSIC-VIZ-IDEAS,../_mms-md/EYT-MUSIC-VIZ-IDEAS.md,2024-01-15 16:43:37 +0000,2024-09-20 04:52:58 +0000,YES
MESH-CAP-G-1,../_mms-md/MESH-CAP-G-1.md,2024-01-31 02:55:20 +0000,2024-11-05 05:12:36 +0000,
COMBAT-A,../_mms-md/COMBAT-A.md,2024-01-09 03:16:42 +0000,2024-09-20 04:52:58 +0000,YES
MCGILCHRIST2021-VID,../_mms-md/MCGILCHRIST2021-VID.md,2023-08-31 11:59:27 +0000,2024-11-13 23:14:04 +0000,
MESH-CAP-B,../_mms-md/MESH-CAP-B.md,2023-10-13 18:54:47 +0000,2024-09-20 04:52:58 +0000,YES
MMSMusicStorageA,../_mms-md/MMSMusicStorageA.md,2023-11-15 18:38:19 +0000,2024-09-20 04:52:58 +0000,YES
EYTInterestingMusicWebsites,../_mms-md/EYTInterestingMusicWebsites.md,2024-06-10 20:21:00 +0000,2024-11-02 00:34:03 +0000,YES
HOLISTIC-FRAMEWORKS,../_mms-md/HOLISTIC-FRAMEWORKS.md,2024-09-27 20:36:48 +0000,2024-10-19 18:07:58 +0000,
COFFEE-BLOCK-CAPTURE,../_mms-md/COFFEE-BLOCK-CAPTURE.md,2024-07-22 23:02:40 +0000,2024-09-20 04:52:58 +0000,YES
PLUS1SOUNDA,../_mms-md/PLUS1SOUNDA.md,2023-11-01 18:31:31 +0000,2024-09-20 04:52:58 +0000,YES
RESTAURANT-CRIT-A,../_mms-md/RESTAURANT-CRIT-A.md,2023-09-06 20:09:30 +0000,2024-09-20 04:52:58 +0000,YES
REPAIR-E-BIKE-A,../_mms-md/REPAIR-E-BIKE-A.md,2023-11-23 20:27:24 +0000,2024-09-20 04:52:58 +0000,YES
PORTFOLIO-WEBSITE-INSPO,../_mms-md/PORTFOLIO-WEBSITE-INSPO.md,2024-01-04 17:58:46 +0000,2024-09-20 04:52:58 +0000,YES
ONTOLOGICAL-PRIMITIVES,../_mms-md/ONTOLOGICAL-PRIMITIVES.md,2023-10-11 06:22:31 +0000,2024-09-21 03:23:41 +0000,
MMSSocialReproductionA,../_mms-md/MMSSocialReproductionA.md,2023-10-05 17:09:22 +0000,2024-11-13 20:41:04 +0000,
MILIT-B,../_mms-md/MILIT-B.md,2023-11-28 16:14:35 +0000,2024-09-20 04:52:58 +0000,YES
SEEDS-A,../_mms-md/SEEDS-A.md,2023-09-20 20:21:17 +0000,2024-09-20 04:52:58 +0000,YES
202307052318,../_mms-md/202307052318.md,2023-07-06 06:18:49 +0000,2024-09-20 04:52:58 +0000,YES
COOP-EXPECTATIONS,../_mms-md/COOP-EXPECTATIONS.md,2023-09-19 06:06:47 +0000,2024-09-20 04:52:58 +0000,YES
ENGINEERING-SYSTEMIC-PATTERNS-A,../_mms-md/ENGINEERING-SYSTEMIC-PATTERNS-A.md,2024-07-24 18:32:08 +0000,2024-09-20 04:52:58 +0000,YES
MESH-CAP-F,../_mms-md/MESH-CAP-F.md,2024-01-12 22:52:58 +0000,2024-09-20 04:52:58 +0000,YES
TECHNOLOGY-DEFINITION-A,../_mms-md/TECHNOLOGY-DEFINITION-A.md,2024-11-02 07:50:32 +0000,2024-11-02 08:25:17 +0000,
MESH-CAP-EPIST-A,../_mms-md/MESH-CAP-EPIST-A.md,2024-01-23 07:47:13 +0000,2024-09-20 04:52:58 +0000,YES
CLIMATE-ACT-VENN-A,../_mms-md/CLIMATE-ACT-VENN-A.md,2023-08-20 12:07:44 +0000,2024-09-20 04:52:58 +0000,YES
POVERTY-STATS-A,../_mms-md/POVERTY-STATS-A.md,2024-04-14 02:09:41 +0000,2024-09-20 04:52:58 +0000,YES
MESH-CAP-METHOD-A,../_mms-md/MESH-CAP-METHOD-A.md,2024-01-29 20:25:29 +0000,2024-09-20 04:52:58 +0000,YES
ENV-NAT-DIFF,../_mms-md/ENV-NAT-DIFF.md,2023-08-31 18:46:10 +0000,2024-09-20 04:52:58 +0000,YES
COMPLEXITY-A,../_mms-md/COMPLEXITY-A.md,2024-08-01 20:26:33 +0000,2024-09-20 04:52:58 +0000,YES
ECO-JUSTICE,../_mms-md/ECO-JUSTICE.md,2023-08-11 19:15:41 +0000,2024-09-20 04:52:58 +0000,YES
FACTS-A,../_mms-md/FACTS-A.md,2024-01-20 02:38:17 +0000,2024-09-20 04:52:58 +0000,YES
EFFORT-BROKEN-FEEDBACK,../_mms-md/EFFORT-BROKEN-FEEDBACK.md,2023-10-08 18:25:05 +0000,2024-09-20 04:52:58 +0000,YES
BOOKS-TO-REMEMBER,../_mms-md/BOOKS-TO-REMEMBER.md,2024-10-08 21:06:51 +0000,2024-10-10 01:58:33 +0000,
TRAGEDY-COMMONS-A,../_mms-md/TRAGEDY-COMMONS-A.md,2023-08-11 19:39:23 +0000,2024-09-20 04:52:58 +0000,YES
MESH-CAP-G,../_mms-md/MESH-CAP-G.md,2024-01-26 23:32:25 +0000,2024-09-20 04:52:58 +0000,YES
EXTRACTION-A,../_mms-md/EXTRACTION-A.md,2023-10-09 04:59:07 +0000,2024-09-20 04:52:58 +0000,YES
ACADEMIC-IMPERIALISM,../_mms-md/ACADEMIC-IMPERIALISM.md,2024-09-20 04:52:58 +0000,2024-09-20 04:52:58 +0000,
FREE-WILL-A,../_mms-md/FREE-WILL-A.md,2023-11-01 18:37:44 +0000,2024-09-20 04:52:58 +0000,YES
MMSHistOfSci-A,../_mms-md/MMSHistOfSci-A.md,2023-08-20 12:17:26 +0000,2024-09-20 21:44:15 +0000,
MMSStickPlsComp,../_mms-md/MMSStickPlsComp.md,2023-09-18 16:46:24 +0000,2024-09-20 04:52:58 +0000,YES
OVERVIEW-DEGROWTH,../_mms-md/OVERVIEW-DEGROWTH.md,2023-09-18 00:50:33 +0000,2024-09-20 04:52:58 +0000,YES
MMSCommuniB,../_mms-md/MMSCommuniB.md,2024-08-23 01:38:49 +0000,2024-09-20 04:52:58 +0000,YES
MMSSystemicCooperationInterface-A,../_mms-md/MMSSystemicCooperationInterface-A.md,2024-08-25 00:30:49 +0000,2024-10-25 19:42:09 +0000,YES
COMPLEX-SYSTEMS-FRAMEWORK-A,../_mms-md/COMPLEX-SYSTEMS-FRAMEWORK-A.md,2024-05-15 23:36:35 +0000,2024-09-20 04:52:58 +0000,YES
NEED-A,../_mms-md/NEED-A.md,2023-08-11 02:07:30 +0000,2024-09-20 04:52:58 +0000,YES
SYSTEMIC-STORYTELLING-INTERFACE,../_mms-md/SYSTEMIC-STORYTELLING-INTERFACE.md,2024-09-10 23:45:16 +0000,2024-09-20 04:52:58 +0000,YES
COMMUNICATION-LIVING-ROOM,../_mms-md/COMMUNICATION-LIVING-ROOM.md,2024-08-17 20:29:43 +0000,2024-09-20 04:52:58 +0000,YES
BIOMIMICRY-A,../_mms-md/BIOMIMICRY-A.md,2023-11-11 03:23:58 +0000,2024-09-20 04:52:58 +0000,YES
JOB-BOARD-CLIMATE-DESIGN-SOCIAL-JUSTICE,../_mms-md/JOB-BOARD-CLIMATE-DESIGN-SOCIAL-JUSTICE.md,2024-09-18 17:43:53 +0000,2024-09-20 04:52:58 +0000,YES
SOIL-A,../_mms-md/SOIL-A.md,2023-11-11 03:20:15 +0000,2024-09-20 04:52:58 +0000,YES
SPIRIT-WORK-A,../_mms-md/SPIRIT-WORK-A.md,2023-08-20 11:45:46 +0000,2024-09-20 04:52:58 +0000,YES
MESH-CAP-C,../_mms-md/MESH-CAP-C.md,2023-11-07 04:22:55 +0000,2024-09-20 04:52:58 +0000,YES
ORG-A,../_mms-md/ORG-A.md,2023-11-01 18:33:34 +0000,2024-09-20 04:52:58 +0000,YES
MEDITATION-SAMATHA-STAGES,../_mms-md/MEDITATION-SAMATHA-STAGES.md,2024-05-08 15:37:56 +0000,2024-09-20 04:52:58 +0000,YES
MMSInTheWorks,../_mms-md/MMSInTheWorks.md,2024-09-10 22:11:01 +0000,2024-11-22 02:37:24 +0000,
INSTALLATION-1,../_mms-md/INSTALLATION-1.md,2023-10-26 20:24:58 +0000,2024-09-20 04:52:58 +0000,YES
TEST-LETTER,../_mms-md/TEST-LETTER.md,2024-10-19 04:14:46 +0000,2024-10-19 04:15:13 +0000,
EYTClubCollab-A,../_mms-md/EYTClubCollab-A.md,2023-12-07 16:38:19 +0000,2024-10-02 06:13:27 +0000,YES
SURVIVAL-OF-THE-FRIENDLIEST,../_mms-md/SURVIVAL-OF-THE-FRIENDLIEST.md,2024-08-27 03:13:42 +0000,2024-10-06 18:58:07 +0000,
MMSCapitalismA,../_mms-md/MMSCapitalismA.md,2023-10-24 01:23:32 +0000,2024-09-20 04:52:58 +0000,YES
WASTE-A,../_mms-md/WASTE-A.md,2023-11-02 18:38:21 +0000,2024-09-20 04:52:58 +0000,YES
APP-IDEA-D,../_mms-md/APP-IDEA-D.md,2024-09-17 00:15:51 +0000,2024-09-20 04:52:58 +0000,YES
EYTMusicVizIdeas-A,../_mms-md/EYTMusicVizIdeas-A.md,2023-11-07 05:41:16 +0000,2024-09-20 04:52:58 +0000,YES
FLOW,../_mms-md/FLOW.md,2023-08-13 05:25:21 +0000,2024-09-20 04:52:58 +0000,YES
PEACE-A,../_mms-md/PEACE-A.md,2023-11-28 19:12:59 +0000,2024-09-20 04:52:58 +0000,YES
BELIEVING-A,../_mms-md/BELIEVING-A.md,2024-01-20 02:55:26 +0000,2024-09-20 04:52:58 +0000,YES
ST-HL-A,../_mms-md/ST-HL-A.md,2023-10-10 22:42:34 +0000,2024-09-20 04:52:58 +0000,YES
REGENERATION-A,../_mms-md/REGENERATION-A.md,2023-11-09 23:35:25 +0000,2024-09-20 04:52:58 +0000,YES
SENSING-B,../_mms-md/SENSING-B.md,2024-02-18 19:49:59 +0000,2024-10-14 20:28:36 +0000,YES
202309131344,../_mms-md/202309131344.md,2023-09-13 20:44:46 +0000,2024-09-20 04:52:58 +0000,YES
EYTMusicSimilaritySearchEngine,../_mms-md/EYTMusicSimilaritySearchEngine.md,2024-04-26 17:11:42 +0000,2024-09-20 04:52:58 +0000,YES
CIRCULAR-ECON-B,../_mms-md/CIRCULAR-ECON-B.md,2023-11-07 02:15:17 +0000,2024-09-20 04:52:58 +0000,YES
SYSTEMIC-CHANGE-A,../_mms-md/SYSTEMIC-CHANGE-A.md,2024-03-20 14:44:51 +0000,2024-09-20 04:52:58 +0000,YES
MESH-CAP-H,../_mms-md/MESH-CAP-H.md,2024-01-27 00:14:59 +0000,2024-09-20 04:52:58 +0000,YES
REPAIR-B,../_mms-md/REPAIR-B.md,2023-11-24 22:09:32 +0000,2024-09-20 04:52:58 +0000,YES
202308212300,../_mms-md/202308212300.md,2023-08-21 21:00:22 +0000,2024-09-20 04:52:58 +0000,YES
RESUME-WRITINGS-A,../_mms-md/RESUME-WRITINGS-A.md,2024-02-06 02:20:19 +0000,2024-09-20 04:52:58 +0000,YES
CLIMATE-ACT-RESOURCES-A,../_mms-md/CLIMATE-ACT-RESOURCES-A.md,2024-02-27 20:32:36 +0000,2024-09-20 04:52:58 +0000,YES
FAITH-BELIEF-SCIENCE,../_mms-md/FAITH-BELIEF-SCIENCE.md,2024-03-11 20:20:52 +0000,2024-09-20 04:52:58 +0000,YES
CONFERENCE-COMMUNI-OVERV,../_mms-md/CONFERENCE-COMMUNI-OVERV.md,2023-11-01 19:26:09 +0000,2024-09-20 04:52:58 +0000,YES
QUOTES-CREATION-PEACE,../_mms-md/QUOTES-CREATION-PEACE.md,2024-08-07 02:43:26 +0000,2024-09-20 04:52:58 +0000,YES
LUHMANN-COMMUNI-B,../_mms-md/LUHMANN-COMMUNI-B.md,2024-04-10 01:25:05 +0000,2024-09-20 04:52:58 +0000,YES
ECOLOGY-A,../_mms-md/ECOLOGY-A.md,2023-10-26 19:52:57 +0000,2024-09-20 04:52:58 +0000,YES
ANARCH-COUPLE-A,../_mms-md/ANARCH-COUPLE-A.md,2023-11-23 19:14:18 +0000,2024-09-20 04:52:58 +0000,YES
MEDIA-MOVEMENT-BUILDING-A,../_mms-md/MEDIA-MOVEMENT-BUILDING-A.md,2023-12-12 07:05:03 +0000,2024-09-20 04:52:58 +0000,YES
MICRO-GRIDS-A,../_mms-md/MICRO-GRIDS-A.md,2023-11-25 21:55:59 +0000,2024-09-20 04:52:58 +0000,YES
MMSContrastSimpleAndComplexSystems,../_mms-md/MMSContrastSimpleAndComplexSystems.md,2024-11-24 16:19:35 +0000,2024-11-24 17:11:44 +0000,
BOAT-FUEL-CONSUMPTION-STATS,../_mms-md/BOAT-FUEL-CONSUMPTION-STATS.md,2024-10-18 04:21:32 +0000,2024-10-19 03:35:11 +0000,
CIRCULAR-ECON-F,../_mms-md/CIRCULAR-ECON-F.md,2023-11-12 21:33:50 +0000,2024-09-20 04:52:58 +0000,YES
SLOWING-DOWN-A,../_mms-md/SLOWING-DOWN-A.md,2023-10-13 18:25:00 +0000,2024-09-20 04:52:58 +0000,YES
MESH-EJ-THESIS,../_mms-md/MESH-EJ-THESIS.md,2023-08-13 03:54:58 +0000,2024-09-20 04:52:58 +0000,YES
ALL,../_mms-md/ALL.md,2024-08-05 04:00:52 +0000,2024-11-26 03:06:15 +0000,YES
EYTSongDownloadingConversion,../_mms-md/EYTSongDownloadingConversion.md,2024-01-20 20:58:00 +0000,2024-09-20 04:52:58 +0000,YES
TEST,../_mms-md/TEST.md,2024-08-05 02:10:22 +0000,2024-10-19 04:14:27 +0000,YES
ENERGY-ENG-A,../_mms-md/ENERGY-ENG-A.md,2024-07-09 01:09:00 +0000,2024-11-02 07:22:04 +0000,YES
BUBBLE-HASHTAGS,../_mms-md/BUBBLE-HASHTAGS.md,2023-12-09 07:34:08 +0000,2024-09-20 04:52:58 +0000,YES
MMSPhenomenaOfComplexSystems,../_mms-md/MMSPhenomenaOfComplexSystems.md,2024-11-23 19:09:11 +0000,2024-11-24 16:35:20 +0000,
PROGRESS-A,../_mms-md/PROGRESS-A.md,2023-12-09 07:17:15 +0000,2024-09-20 04:52:58 +0000,YES
PLANT-BASED-DIET-A,../_mms-md/PLANT-BASED-DIET-A.md,2024-09-03 05:47:59 +0000,2024-09-20 04:52:58 +0000,YES
MIXBASE-DOCUMENTATION,../_mms-md/MIXBASE-DOCUMENTATION.md,2024-07-27 02:20:07 +0000,2024-09-20 04:52:58 +0000,YES
MESH-JEH-Overview-A,../_mms-md/MESH-JEH-Overview-A.md,2024-03-28 20:15:11 +0000,2024-09-20 04:52:58 +0000,YES
MANTRA-GAYATRI,../_mms-md/MANTRA-GAYATRI.md,2024-04-20 05:32:12 +0000,2024-09-20 04:52:58 +0000,YES
WASTE-D,../_mms-md/WASTE-D.md,2024-08-18 04:32:25 +0000,2024-09-20 04:52:58 +0000,YES
INSIGHTS-COLLECTION,../_mms-md/INSIGHTS-COLLECTION.md,2024-11-06 22:35:13 +0000,2024-11-15 07:49:58 +0000,
SUST-JOBS,../_mms-md/SUST-JOBS.md,2023-11-09 19:55:39 +0000,2024-09-20 04:52:58 +0000,YES
ELECTRICITY-BOTTOM-BILLION,../_mms-md/ELECTRICITY-BOTTOM-BILLION.md,2024-09-10 23:51:33 +0000,2024-09-20 04:52:58 +0000,YES
EYTLaserViz-B,../_mms-md/EYTLaserViz-B.md,2023-11-08 03:35:27 +0000,2024-09-20 04:52:58 +0000,YES
APP-IDEA-A,../_mms-md/APP-IDEA-A.md,2023-11-08 20:29:44 +0000,2024-09-20 04:52:58 +0000,YES
CIRCULAR-ECON-G,../_mms-md/CIRCULAR-ECON-G.md,2023-11-24 21:49:20 +0000,2024-09-20 04:52:58 +0000,YES
MMSSystemIntervention-A,../_mms-md/MMSSystemIntervention-A.md,2024-01-18 23:25:42 +0000,2024-11-19 23:57:15 +0000,
CUTE-A,../_mms-md/CUTE-A.md,2023-11-02 05:06:36 +0000,2024-09-20 04:52:58 +0000,YES
INTRINSIC-EDUCATION-A,../_mms-md/INTRINSIC-EDUCATION-A.md,2023-11-01 19:04:48 +0000,2024-09-20 04:52:58 +0000,YES
DRAWING-PRACTICE,../_mms-md/DRAWING-PRACTICE.md,2024-10-30 01:52:53 +0000,2024-11-02 08:09:39 +0000,
OPP-LIB-PRAC-A,../_mms-md/OPP-LIB-PRAC-A.md,2023-07-31 05:49:39 +0000,2024-09-20 04:52:58 +0000,YES
INTERVIEWING-A,../_mms-md/INTERVIEWING-A.md,2024-02-17 17:21:02 +0000,2024-09-20 04:52:58 +0000,YES
POUCH-OF-QUOTES,../_mms-md/POUCH-OF-QUOTES.md,2024-09-21 04:17:39 +0000,2024-11-05 05:02:24 +0000,
ARCHITECTURE-BIOPHILIC-BUILDING-EXAMPLES,../_mms-md/ARCHITECTURE-BIOPHILIC-BUILDING-EXAMPLES.md,2024-11-05 21:13:57 +0000,2024-11-15 07:49:58 +0000,
MMSCollaborationA,../_mms-md/MMSCollaborationA.md,2023-11-14 02:39:23 +0000,2024-09-20 04:52:58 +0000,YES
CLIMATE-CHANGE-A,../_mms-md/CLIMATE-CHANGE-A.md,2023-10-09 05:08:11 +0000,2024-09-20 04:52:58 +0000,YES
MESH-CAP-MEDIA,../_mms-md/MESH-CAP-MEDIA.md,2024-02-07 17:03:12 +0000,2024-09-20 04:52:58 +0000,YES
SMALLBUSINESS-RENT,../_mms-md/SMALLBUSINESS-RENT.md,2023-09-18 16:36:11 +0000,2024-09-20 04:52:58 +0000,YES
SYSTEMS-THINKING-10Tools-for-a-zero-carbon-world,../_mms-md/SYSTEMS-THINKING-10Tools-for-a-zero-carbon-world.md,2024-11-05 17:20:00 +0000,2024-11-15 07:49:58 +0000,
PROBLEMS-B,../_mms-md/PROBLEMS-B.md,2024-02-26 18:06:43 +0000,2024-09-20 04:52:58 +0000,YES
MMSFinanceVisual,../_mms-md/MMSFinanceVisual.md,2023-09-17 18:02:12 +0000,2024-11-15 07:49:14 +0000,YES
CERT-ORG,../_mms-md/CERT-ORG.md,2023-11-09 22:46:28 +0000,2024-09-20 04:52:58 +0000,YES
KNOWLEDGE-ORGANIZATION-A,../_mms-md/KNOWLEDGE-ORGANIZATION-A.md,2023-10-19 20:48:07 +0000,2024-09-20 04:52:58 +0000,YES
SOMATIC-HEAL-WHITENESS,../_mms-md/SOMATIC-HEAL-WHITENESS.md,2023-10-05 18:22:20 +0000,2024-09-21 03:23:57 +0000,
ENG-WAR,../_mms-md/ENG-WAR.md,2023-10-10 02:52:54 +0000,2024-09-20 04:52:58 +0000,YES
CIRCULAR-ECON-C,../_mms-md/CIRCULAR-ECON-C.md,2023-11-08 20:03:32 +0000,2024-09-20 04:52:58 +0000,YES
IPCC-TRANSITION,../_mms-md/IPCC-TRANSITION.md,2023-09-08 19:21:29 +0000,2024-09-20 04:52:58 +0000,YES
MMSEconomicDemocracy,../_mms-md/MMSEconomicDemocracy.md,2024-11-26 01:06:44 +0000,2024-11-28 00:44:42 +0000,
SOLAR-ENERGY-A,../_mms-md/SOLAR-ENERGY-A.md,2023-10-11 22:28:17 +0000,2024-09-20 04:52:58 +0000,YES
CO-CREATIVE-ECONOMY-A,../_mms-md/CO-CREATIVE-ECONOMY-A.md,2024-02-18 19:53:51 +0000,2024-10-14 20:28:04 +0000,YES
MESH-CAP-I,../_mms-md/MESH-CAP-I.md,2024-01-30 21:08:31 +0000,2024-09-20 04:52:58 +0000,YES
INTO-PERSPECTIVE,../_mms-md/INTO-PERSPECTIVE.md,2024-08-07 00:39:13 +0000,2024-09-20 04:52:58 +0000,YES
MMSHealthAutopoiesis,../_mms-md/MMSHealthAutopoiesis.md,2024-01-19 05:13:53 +0000,2024-09-20 04:52:58 +0000,YES
CAPABILITIES-FOR-LIFE-FRAMEWORK,../_mms-md/CAPABILITIES-FOR-LIFE-FRAMEWORK.md,2024-07-11 17:58:03 +0000,2024-09-20 04:52:58 +0000,YES
WORK-BALANCE,../../LSanten.github.io2/_mms-md/WORK-BALANCE.md,2023-10-08 18:20:22 +0000,,NEW
org-movement-building,../../LSanten.github.io2/_mms-md/org-movement-building.md,2024-07-22 22:09:48 +0000,,NEW
JUST-TRANSITION-PRINC,../../LSanten.github.io2/_mms-md/JUST-TRANSITION-PRINC.md,2023-09-11 16:54:53 +0000,,NEW
org-people-power-solar-cooperative,../../LSanten.github.io2/_mms-md/org-people-power-solar-cooperative.md,2024-07-22 22:10:35 +0000,,NEW
